Dataset Size,Mystery 1,Mystery 2,Mystery 3,Mystery 4,Mystery 5
10,0.000000261,0.000000039,0.000000052,0.000000103,0.000000086
100,0.000002331,0.000000090,0.000000118,0.000003130,0.000002525
1000,0.000017335,0.000000532,0.000000855,0.000258557,0.000175769
10000,0.000181829,0.000005004,0.000008197,0.025252198,0.016940570
25000,0.000458972,0.000012469,0.000019512,0.161363619,0.104744336
50000,0.000938315,0.000024892,0.000038966,0.636830343,0.418940699
75000,0.001448041,0.000037046,0.000058085,1.422121938,0.950464702
100000,0.001969797,0.000052831,0.000079678,2.541233654,1.685062329
