Dataset Size,Mystery 1,Mystery 2,Mystery 3,Mystery 4,Mystery 5
10,0.000000245,0.000000156,0.000000092,0.000000124,0.000000116
100,0.000002310,0.000006250,0.000001783,0.000003593,0.000002687
1000,0.000021698,0.000669907,0.000129109,0.000313496,0.000188825
10000,0.000203718,0.055021867,0.012717473,0.028948956,0.017196873
25000,0.000597105,0.325571999,0.082014942,0.181682191,0.108793553
50000,0.001016870,1.285482237,0.324615227,0.723805033,0.425339859
75000,0.001563160,2.898521898,0.742991980,1.667228896,0.955706954
100000,0.002149238,5.175492397,1.309260818,2.871568190,1.692012878
